<?xml version="1.0" encoding="UTF-8" standalone="yes"?>
<addon id="plugin.program.assassinswizard" name="[COLOR white]ASSASSINS[/COLOR] [COLOR orange]WIZARD[/COLOR]" version="1.0.0" provider-name="Assassins Developers">
  <requires>
    <import addon="xbmc.python" version="2.1.0"/>
  </requires>
  <extension point="xbmc.python.pluginsource" library="default.py">
    <provides>executable</provides>
  </extension>
  <extension point="xbmc.service" library="startup.py" start="startup" />
  <extension point="xbmc.addon.metadata">
    <summary lang="en">[COLOR white]ASSASSINS[/COLOR] [COLOR orange]WIZARD[/COLOR]</summary>
    <description lang="en">Assassins Wizard le permite obtener acceso a las últimas compilaciones personalizadas de kodi.</description>
    <platform>all</platform>
  </extension>
</addon>